{
    "gyro_bias": [
        -0.22211467687119588,
        -0.13909154601539073,
        -0.3002973896600395
    ],
    "accel_offset": [
        -2.393719908475,
        2.99043004435,
        -1.075274655875
    ],
    "accel_scale": [
        0.902877009995654,
        0.9353142445524941,
        1.2146682569751397
    ],
    "mag_offset": [
        0.16716000000000003,
        0.16954000000000005,
        2.4848600000000003
    ],
    "mag_scale": [
        1.0138269912010056,
        0.9545943619539486,
        1.035118422587796
    ]
}